km,temperatura_motor,nr_erori_obd,consum,vibratii,vechime_ani,tip_motor,defect
131958,108.33305019311905,0,3.074584839983127,0.4551235780217327,10,1,0
156867,60.0,3,6.210746375603201,0.7042203145812216,2,1,0
141932,78.44216683748846,0,3.0253196462795113,0.13597043560083422,17,1,0
269178,80.63956059539184,0,6.485079630177149,0.3971027793285155,7,1,0
129879,128.57058539533176,1,9.294223854216472,0.32253087449911655,7,0,0
120268,92.23508050350486,2,6.930040499771755,0.7719775093176816,9,0,0
217892,102.18840894544596,1,10.316414745223605,0.4045084953105763,2,0,0
64886,61.78962346088233,2,8.57258512678922,0.1728022329120451,14,0,0
147337,92.14823178746282,1,9.696295697213943,0.5446847284493579,17,0,0
97498,104.67439473174386,0,5.470109518243433,0.4259771610212172,1,1,0
185203,102.92947627590235,1,5.4217167432147955,0.38861423846300763,9,0,0
201335,99.35099158374527,0,7.691226832770737,0.36799360865483444,19,1,0
288167,90.19500759742688,0,3.844595816734282,0.3601030441678386,4,1,0
51090,90.92352930938176,1,7.942287499524181,0.641712062971329,8,1,0
74820,64.60100737935316,2,6.352160366906141,0.5447574733115688,13,0,0
272913,76.49200672219284,0,9.659993675093315,0.46040684887389416,4,1,0
204027,93.46415934582245,0,8.359024508158821,0.2803522246307327,9,0,0
262709,79.26036289610691,1,9.193412860680255,0.4662213353224159,9,1,0
209041,100.33257370549177,0,5.491587837209906,0.5521255715200053,18,0,0
277455,97.00173825397293,0,9.096420537523457,0.5597308896518981,12,1,0
113355,110.5105538208299,1,9.889424988728566,0.5321768765983538,10,0,0
245796,104.37380739228857,2,6.922572353239318,0.31548146663449433,11,1,0
224176,93.40892113701852,1,5.5212987612670235,0.1,7,1,0
194779,101.21970651092875,3,5.556425597531181,0.8599237520103866,9,1,0
268795,105.07653243449484,0,9.47802598403193,0.2380726251782937,6,1,0
166730,82.38844071138027,1,12.368691484846622,0.10700840826661229,19,0,0
159503,85.06003502520296,0,5.036709859649556,0.5261031226008192,16,0,0
140523,88.54760943909884,1,4.88295989991488,0.1582962993538558,15,0,0
12747,82.86704183753476,1,8.842828361348957,0.33904025028502294,7,1,0
133855,105.23530417595227,1,5.492172941266711,0.6097700851617657,16,1,0
75725,80.59034187484043,1,9.03671076845654,0.8545374536948092,5,1,0
139981,108.77477207099736,1,7.9306923470532915,0.5775023616544753,16,1,0
94654,84.49540201679426,4,6.952045395004072,0.41216814582462397,1,1,0
77435,97.08594964259038,2,7.8825430690433755,0.4897160891186316,19,1,0
41551,92.49622723144333,1,7.760396738306788,0.13828280856501945,5,0,0
283538,75.360302875625,1,6.640787004427649,0.40984957816697,7,0,0
13890,89.70165405763814,0,3.487277936723011,0.41004367921461116,19,0,0
51606,95.00465297175896,0,7.357301457178069,0.530665732427436,5,0,0
266840,89.03560969334254,0,10.146120732128328,0.8884379225387542,17,0,0
151699,69.85940162240574,0,3.782462673590953,0.11264094225355215,8,0,0
280936,115.52143865289257,0,5.068429959722111,0.41846447768510264,1,0,1
249931,91.31549224292604,1,7.8536539495320214,0.13329809120163083,2,0,0
249629,78.08546137254717,1,7.077183725464561,0.3993271813498984,15,1,0
215041,114.31152035200911,0,7.822364319168578,0.3270795717764013,18,1,1
184073,99.26084714580487,2,5.601363584344676,0.20113073849971996,11,1,0
217624,71.99745005397585,2,9.324916573184613,0.6826184061059559,10,1,0
78148,74.33257880400183,0,7.093801131380422,0.5511295407700859,4,1,0
262801,86.66407920168237,2,8.393971044686113,0.6591711259308092,5,1,0
134243,94.45960468274734,1,7.640554821942192,0.3936692350665011,4,1,0
261995,99.34199747195882,1,7.350989935921985,0.48585670484398347,13,0,0
164555,104.25267719292852,2,8.25366731405626,0.818928128243263,13,0,0
58555,98.09358609600214,0,7.372975907933901,0.49945596097817746,18,1,0
266508,110.20118967961494,0,4.619601943808976,0.6615913098318883,2,0,1
289303,91.90189739520704,1,9.17471365143193,0.3765087394566542,16,0,0
116530,78.60540929282666,1,8.636254572496368,0.643203468672852,1,0,0
90077,89.9497369551154,1,3.0,0.3902161280389397,19,0,0
210551,88.96529009481311,1,5.691599430248646,0.12071552478806546,9,0,0
291601,60.0,1,9.084720924985614,0.49848342241579163,3,1,0
218261,81.57949711356513,2,3.3461429070443325,0.4059393714792076,7,0,0
250181,94.71305599425676,0,8.887133763801488,0.17504372812054753,10,1,0
181829,83.6367665218232,0,6.717554928691499,0.5382985703346348,1,1,0
281836,80.30685957265501,0,9.680565140667982,0.3212947030093357,10,1,0
212283,103.67064293706845,2,6.997706421849073,1.1185282556925364,9,0,1
206769,76.25181262836841,2,5.555864014008745,0.2071115533172665,15,1,0
47065,100.67433975706234,0,7.616171321518281,0.25741501150997204,15,1,0
233165,70.00883293817573,2,6.939229020980028,0.6739102213295581,3,1,0
109299,131.41142903589275,0,5.3782977317186385,0.4733956238719822,5,1,0
21534,86.76471709648114,2,11.436686966022773,0.6698404618524436,9,0,0
50397,85.15102066055915,1,5.057803636831371,0.5760782107795801,9,1,0
267750,107.14598854334878,0,3.0,0.3835385744137636,7,1,0
273160,83.71942738790327,0,10.163397936242985,0.2241815213840736,12,1,0
65591,111.823917124885,2,5.832873055368147,0.7142166161456064,9,1,0
230884,95.57390745729789,1,6.406453478068609,0.24230996288214007,6,0,0
33247,88.22403149180656,1,6.284187870741931,0.6117811922328322,2,1,0
34300,86.62491144944437,1,5.860697131683348,0.6837997514513697,9,1,0
92798,108.11388255645393,1,5.467615057473108,0.47461643919400787,17,1,0
19268,93.45730821905255,2,5.006365395006071,0.43917049286243937,1,1,0
284329,96.48463096786155,2,7.129519523409131,0.30325477906779597,19,1,0
204776,98.11502808905443,1,6.19602488464873,0.5925485433408604,6,1,0
227851,91.99404277834036,0,8.460724380667893,0.1,5,0,0
246584,97.79808339524975,1,7.965388103232308,0.643145267811362,2,1,0
48044,88.22514865978515,0,5.1449756129491915,0.5238952681951428,9,0,0
58984,89.25287052260136,1,7.217042552144712,0.45543686005606354,14,0,0
274712,73.21327607959937,3,6.164323351757293,0.5484604549327695,4,1,1
130151,94.46640376377596,0,5.016679114732669,0.22528872161357422,4,0,0
143767,64.20688489931669,1,8.378863141030266,0.1,15,1,0
134375,94.2533710591637,2,6.75734944138327,0.5937150139907923,8,0,0
189262,85.79075975752778,1,6.184899959659042,0.7633092344369379,4,1,0
146330,95.61877664176467,2,5.288865527153441,0.1521196056126526,16,0,0
174231,74.26757498877487,1,4.944126477853322,0.2895039846007174,4,0,0
23986,60.0,4,10.977536047829092,0.6504649786054874,16,1,0
71858,84.73702039539691,2,7.668237299259993,0.5717779519893705,12,0,0
139312,74.31130996714353,1,4.817741925594367,1.0926216912613418,16,0,0
22666,63.29164975184276,2,7.575731796645625,0.7151314937651797,19,0,0
144633,101.51974904541855,0,9.124032353591076,0.6670848943786096,8,0,0
298998,114.01857340713062,1,7.335035225060085,0.3472422600010235,6,0,1
114488,78.04572846338175,1,9.748042684266249,0.6049611592781365,10,1,0
193323,88.86343759167819,0,3.9143737158600658,0.799082732495074,5,0,0
294806,85.38321574980282,1,3.0173559052395786,0.4671218469854189,18,0,0
280536,80.11652367035695,3,7.521034843707507,0.47655708525257356,10,1,1
40535,99.95605820832031,1,7.552992286747767,0.5282707053213865,10,1,0
87373,105.15212190642927,0,3.0,0.36710026370555304,7,1,0
133684,76.97089216101594,0,5.75284781759597,0.5537927028246629,18,0,0
283109,90.67150300642355,0,4.982675371233089,0.5487944276551363,1,0,0
34538,109.26799550900841,2,4.216107518593687,0.7959972826361313,7,0,0
211664,100.33554304822458,4,4.977916470780379,0.46212151149785935,1,0,1
149182,102.56546157600732,1,8.19157560319872,0.6349457092127013,15,1,0
168338,110.51977961163621,1,4.965189957420583,0.46808694360158976,4,1,0
194064,110.32267758559874,1,5.033755730836317,0.6279518883564489,10,0,0
224020,105.42963945454599,2,3.762389382284642,0.44998830884162044,9,0,0
108806,92.17406122171771,1,9.537819285031652,0.6146945973890413,2,0,0
100982,84.26275473812862,1,7.869264730941269,0.6456471658176897,14,0,0
131626,91.55216647969777,2,3.0,0.2866687733884382,16,1,0
129176,81.98389970964948,0,5.0355198415536275,0.7204750841341202,1,1,0
228126,60.71269690483976,1,8.057035768789852,0.4667045226103957,2,0,0
228969,85.80751401299939,2,9.562785097965673,0.4060406610747701,7,1,0
132409,95.3628936575583,1,8.681677518733313,0.3579983776659956,10,0,0
33419,81.19095873350732,1,6.288634179484228,0.5596400556196482,1,0,0
263618,87.10830319142089,1,3.1372462784139232,0.49907566221929556,13,1,0
255310,87.68944926049902,1,8.740497987822621,0.5741614371083372,1,0,0
60015,110.35285161328332,1,6.406206297358992,0.5780441568636958,5,1,0
258550,84.60844088962646,2,7.13772402923014,0.6217169290700357,16,0,0
132096,110.3495007327518,1,6.6451591235830065,1.0552568232306117,15,1,1
117059,60.0,0,4.288941000847464,0.5079383514663702,17,0,0
195340,110.21783671993555,1,7.728500424445978,0.3530853226854853,16,1,0
120687,109.46109172293936,1,7.452918062226893,0.1,13,0,0
221428,103.53382010083787,3,6.1484223141704035,0.2609366403618827,11,0,1
115878,60.0,1,7.942211599724974,0.7470697301505821,17,1,0
212982,105.28330492833722,0,4.252000905153388,0.6439849013546215,17,0,0
208286,89.24821236487124,1,6.461994448233782,0.23000279069700125,2,1,0
259002,60.0,2,7.052254945871578,0.9928424881998441,13,1,0
260396,109.47266561752045,0,3.5301447357298756,0.5653528955323017,14,0,0
174899,111.66259617823452,0,6.885806778327893,0.5920633439760679,11,0,0
53585,61.43231892202243,2,8.467290293362591,0.9488450359872163,10,0,0
74044,92.6313161295017,0,6.393538151914265,0.8478911441656426,3,0,0
119556,110.82886682166274,0,6.931770194971311,0.6562274951664322,17,1,0
12693,108.4524197018572,1,8.124688078468335,0.6658427881652511,15,0,0
253307,102.54091576739285,1,6.224399782267454,0.6845570192341733,9,0,0
210235,60.0,1,6.404405200911422,0.4518065736575968,10,0,0
35939,100.9431414995372,2,4.646592970935066,0.5573585795088395,8,1,0
162906,86.72844152439086,0,6.97012644535847,0.6148640988149425,13,0,0
28047,104.93786293077741,1,6.3303030327904395,0.47464348112431765,18,1,0
298249,93.84242187650737,0,7.998179590106645,0.30691609805688935,5,0,0
85766,89.70177584566703,3,8.126919908366478,0.4467739197382664,6,1,0
54262,99.61355774113855,1,8.582418078025762,0.30241347841881583,17,0,0
295920,87.42129943392364,0,5.983479298209739,0.5128745141744461,11,0,0
171152,89.63584080162087,1,3.0,0.14390856959869736,16,1,0
138376,81.67164001306857,2,8.48327949292955,0.5682077021015095,9,0,0
147848,65.91886513223156,1,7.862241928194818,0.17374510088636702,2,0,0
102787,98.51780210656906,0,5.72941679062782,0.419305388001399,5,0,0
137948,77.90954520494145,2,8.109880399134674,0.6008202148961691,1,1,0
65016,86.98812200938899,2,4.102820394967517,0.6582293423025061,4,0,0
31959,94.304609376809,1,9.06048042574055,0.6344718417767002,4,1,0
146602,60.0,2,6.3327508964119,0.5639467828947762,3,1,0
235928,62.07976644484765,0,5.342144773990209,0.2761453369505016,9,1,0
275892,85.50392135086196,1,5.756596887522225,0.6961216709733515,12,0,0
238576,96.81845223449483,1,6.537030027999575,0.28071972709897774,10,1,0
23545,101.16057405973741,3,6.975975853401073,0.7189151640908651,2,1,0
175838,66.13028256186139,1,7.096560560798814,0.625540951496341,11,0,0
71087,99.54947226619223,0,6.140785112083752,0.7717803029479076,10,1,0
78840,86.32395572525496,1,7.400479146922958,0.5049736968032594,6,1,0
128451,76.75264132355284,2,7.016558548666867,0.33624717855779584,18,0,0
49353,80.27172215910944,1,5.704854008851202,0.24146949516815003,2,0,0
203075,102.0278599806025,0,5.403618751157472,0.2636841330854147,2,1,0
224283,94.11008677628357,3,8.216731085789675,0.1726450502785974,10,0,1
75318,90.75459784132981,2,8.04865207199581,0.688400583387313,16,0,0
251025,93.6524360821185,1,7.114272710322527,0.7134833906064799,12,0,0
77172,103.9214666492429,1,8.848390931980402,0.6107399850513696,1,1,0
226688,88.54350648895016,2,3.077344687664731,0.49339181758534423,8,1,0
266951,90.81478329681354,2,5.871210716986594,0.9121918872925026,16,0,0
103264,107.07256110206708,1,4.687365775330711,0.48037030340719844,18,1,0
256458,85.02620063605262,2,11.5125445302757,0.5441833616287787,13,0,0
298880,99.27210892921022,1,8.426439640791973,0.49042969733417613,15,0,0
235281,82.44443278990288,0,6.841876032683448,0.43233838670731045,12,0,0
122859,83.76198987882323,1,8.569981157692313,0.6261948979662195,8,0,0
279536,88.43925364800545,0,9.23255132751023,0.3733006621590954,10,0,0
267426,97.72909279480149,0,9.211263383048141,0.359884434697072,14,1,0
187789,107.91272943826603,0,8.843406970200707,0.6362938770818709,5,1,0
228164,91.44817895308162,0,6.474919353435877,0.40047832668753214,18,1,0
135657,67.50244633014684,1,5.997269161032095,0.5266964056150358,19,1,0
245167,99.47169440300907,3,5.07562164003863,0.4317343760472946,15,0,1
167381,126.80763261218564,2,8.004894533458014,0.4976897403546704,6,0,0
204806,91.63003246601026,2,6.682128529342438,0.3653421763066752,11,1,0
80467,64.36848541230631,2,6.163057938965608,0.37188224945018133,11,1,0
193734,92.54479334206277,1,6.058677276544395,0.3360535756379431,18,0,0
108506,89.95481095224241,1,9.900385261269378,0.6686660219722903,18,0,0
119751,88.69336734956416,0,8.905360825683342,0.5343769668502659,10,0,0
297486,104.18114849965698,0,10.660787712256331,0.6837101647587329,2,1,0
178229,110.67412179503586,0,8.058032599784218,0.7050773129087924,9,0,0
116081,100.25378617801624,1,7.113908880509796,0.4080171345728653,14,0,0
99045,88.00412872993397,0,6.949195098510151,0.6763169968777127,19,1,0
44698,106.88518176554444,5,4.959396905477054,0.49717585561331346,10,1,0
120078,67.59255538178638,1,4.477162016497198,0.4682652989041496,4,1,0
32671,79.25915818899009,0,8.014682043785749,0.7504734193321552,6,0,0
96202,80.93058332097405,1,5.13064257903349,0.6107536925630864,14,0,0
61663,89.53574028102098,0,7.422915507734472,0.4295151489872545,4,1,0
25708,97.60101993730257,1,9.230933366190424,0.5977586631053297,15,0,0
143883,86.98930577494075,2,5.669092133938207,0.24685746956608212,16,0,0
122547,76.40946308246588,0,11.020963269183156,0.5494625962279234,7,0,0
44754,104.62275427044196,2,5.018609758111801,0.20008168982836327,17,1,0
236814,86.46814916692959,1,8.980389512979691,0.3031200748263634,19,1,0
247714,91.5319338130655,1,7.849512362264725,0.6169279396538239,19,0,0
152483,98.26601618213861,2,9.388190499892303,0.1,17,0,0
143983,90.58316411884421,1,4.767604777280621,0.8605023718149512,6,0,0
224835,90.64907542116435,0,11.614041833907223,0.6668985441409202,11,0,0
94896,105.45710130653745,0,6.642449832434188,0.13229337550205233,16,1,0
81295,92.27054211855565,0,8.353295878598562,0.979699721338646,8,1,0
229686,102.94195478685734,0,9.888974977893001,1.0348207784972034,11,0,1
283255,98.17001166477584,2,5.790675865009568,0.4639016682020523,7,0,0
142874,120.25331316280375,0,8.651452725894357,0.3147021870599513,19,1,0
18155,96.14120126803695,0,5.457060709557014,0.8372607148405729,10,0,0
57254,99.5695990522616,0,9.793923160915678,0.4312419725119481,9,1,0
294062,106.52485070994551,1,5.479638537542533,0.5322079015625708,4,0,0
95981,90.95426639925255,0,7.077013964991519,0.7434579467845535,15,1,0
40306,80.43220354905839,2,7.61224140202392,0.46929770724136066,13,0,0
157718,82.88781628314815,2,8.56859953944523,0.45178914993666636,2,0,0
130975,83.03239611746268,1,10.936952616853091,0.24552100455895626,2,1,0
117512,75.74503547704923,0,6.096062020771021,0.3738913808523969,16,1,0
157443,94.76707753802826,0,9.277469548547213,0.4478460307487864,9,0,0
143121,80.55725177926374,0,10.940516897268274,0.2522873621930666,13,0,0
172688,92.9227923180277,1,7.331466721729835,0.2704128363581244,3,1,0
293076,87.61988334434045,2,5.899734499759417,0.5067202633287979,9,1,0
127796,89.37567760061228,0,3.539932521129417,0.13005917086560792,13,0,0
202506,98.34084971743285,3,10.766551534822124,0.32416739687573365,2,0,1
184088,81.87151313417178,1,6.511111340151273,0.8889187987194045,8,1,0
279544,99.58336568905159,0,4.997283001538898,0.4309062705719855,9,1,0
183714,113.50961799958428,2,4.2833398315804745,0.4058553183592298,16,1,0
25151,95.14663624427638,2,4.993571619219917,0.4300108330970319,2,1,0
76690,78.26856472091296,0,8.839410586454331,0.4331695237091335,6,1,0
14499,80.77472982990305,1,9.115737055349477,0.6149737739676767,8,0,0
16295,86.27605648822326,2,8.304243742911073,0.6009732306355602,5,0,0
284327,81.07664554395652,2,7.264675654706729,0.42184831738709594,9,1,0
153946,75.13229535584925,2,4.508958820997329,0.45723251537241155,1,0,0
42711,92.31610915442538,1,5.540118108195905,0.7625546235980118,9,0,0
277683,86.68204002411302,1,4.786761178637449,0.19793904910594995,10,1,0
194423,92.84581325337088,0,8.14564201105253,0.48848359669025576,4,0,0
189426,107.79581118322932,3,4.873375042276591,0.5270493080702463,3,0,0
143629,86.45470749113461,0,5.5715077778928155,0.3446634279801769,10,0,0
223090,72.21869992979533,0,6.633025514002986,0.4769726793017405,15,1,0
143272,84.01661261619674,1,3.660399693807306,0.3176647078396233,11,1,0
253548,101.55637825674964,0,7.093542861681693,0.6274338141403007,14,0,0
188047,100.15155406075432,0,6.785694237928927,0.23235866889912415,6,0,0
293501,97.77959471420351,2,9.368418291923382,0.7124667324840119,12,0,0
129121,80.62939915256845,1,5.360268909932496,0.4853389685820885,13,0,0
87505,101.27853927049048,1,4.401608963375329,0.41039322811325785,17,0,0
12869,104.653486170556,1,6.251880700817431,0.29906058006914527,16,0,0
267186,79.56867555165036,2,4.803817413127968,0.7061315591974929,3,1,0
122296,89.37644853686213,2,7.078309183626249,0.36962757319320816,2,0,0
104179,120.30602945523168,1,3.280130276346788,0.26655028810110337,11,0,0
100272,78.90188585304918,1,5.789309193245437,0.7102926638016238,9,1,0
48467,64.42369996134413,1,5.1432566603555605,0.3191388373010683,3,0,0
295472,110.74356651697198,3,8.135514154172137,0.48110353717110255,18,0,1
145059,107.0490715755684,1,5.37887058074927,0.6637607551474527,15,0,0
68871,83.14549014633863,1,3.527808482803002,0.5315915205561907,14,0,0
138391,88.3051232719787,0,6.596359806130903,0.8461703091739947,2,1,0
96416,71.62597424716571,2,7.6397722805490185,0.33300992634246446,17,0,0
266687,91.33428408914553,1,6.457589613478548,0.45789773268005185,8,1,0
211163,107.48870573057101,1,5.777354441561784,0.47336437194646364,10,0,0
117450,81.86092737362583,0,5.656875798831475,0.624246990514799,18,0,0
181890,103.1565296817944,3,7.2258960648840675,0.7577246255676187,19,1,0
291974,96.95585786085648,0,5.221102501520903,0.5147233019257395,8,0,0
126381,98.6672533632171,1,6.343034057178933,0.47246723392794315,8,1,0
57333,82.73536229120448,4,8.500893141774746,0.20340162643402693,3,1,0
144508,84.68063725599758,1,4.397353842188709,0.522476237959339,3,1,0
215362,62.29841348292898,1,6.912665960519456,0.3699399980007093,12,0,0
160810,81.49995881234841,2,3.4220211744059905,0.6236872621197539,17,0,0
59377,107.45228187046888,1,7.455859340019906,0.4180631621563944,4,0,0
146672,76.0600170884659,1,5.042381578401878,0.45187238912598576,17,0,0
235732,78.29547519214643,0,9.03918362606159,0.20794639708328605,14,1,0
181836,99.60284735560685,0,4.046105380709302,0.13770958324749222,19,0,0
215615,96.0415243798964,2,7.884158073602016,0.8721974080367223,9,0,0
55714,100.34794874694451,1,9.442262157052987,0.5259367819130552,12,1,0
112946,72.55169189864394,0,4.938621197159063,0.5808670955261217,5,1,0
115983,128.4608692395052,1,5.276230142010121,0.31754100736344937,11,0,0
197563,71.76369938749124,0,5.111608711246805,0.6751047214357225,3,1,0
134123,92.31370970601102,1,6.0282746231913915,0.6390279791808721,15,1,0
92989,87.6201675619712,1,8.03484359837893,0.3395145611154381,14,1,0
188274,72.20037723952429,2,5.864990132225753,0.2880989128309226,11,1,0
173707,84.44685865780126,2,4.758083549587286,0.3534944632345455,8,1,0
275564,90.34961401328805,2,3.0,0.4943434702585776,4,0,0
141373,80.25040182204795,0,10.203895013024793,0.5334214006280451,12,0,0
125294,104.05835432302274,0,10.360991260829294,0.5076788016477302,8,0,0
134019,87.57561381806293,3,8.120474078976914,0.7597460217280407,6,0,0
75726,69.8808799347257,1,5.37923261115003,0.3570086299807883,15,0,0
151564,68.60811700996055,3,8.495404230263293,0.282667601794216,12,0,0
278246,99.09247635917184,1,8.897413834986132,0.5000198043703641,16,0,0
191408,67.69843825949496,1,6.491503737174533,0.16138303683381072,16,1,0
128015,94.74639109573626,1,7.082737087997781,0.6391474997021236,4,0,0
226386,96.66982778500439,3,9.463536458978986,0.5195926528952253,11,0,1
264079,75.06966954113975,0,3.7190772858871832,0.43239239181801076,13,0,0
36641,103.36107125662336,0,8.996845646244347,0.42128942535017216,9,1,0
175656,64.23309564357552,3,6.381692377286973,0.6819991564242466,4,0,0
173817,94.44688400997838,3,4.774843395977899,0.6756295870677061,12,0,0
46631,89.38713099605987,2,4.9393870534113224,0.4507256283173293,9,1,0
252289,88.2150303640366,3,5.270555730961823,0.6183537647115758,13,0,1
82991,72.33155035529141,0,4.579858559797594,0.6726740923680676,16,0,0
14014,75.94466993400111,0,10.542777948778031,0.5671052451249425,6,1,0
283237,114.28203037530896,1,7.9824058770020025,0.45890699607425495,10,0,1
28070,108.2273251330763,1,9.128965507217137,0.5762335414981202,13,1,0
66958,101.13126882785699,5,8.124736583233355,0.2921826714141249,7,0,0
92074,104.09772155294532,0,7.122455216940347,0.5142211138587851,19,0,0
20729,102.69020317006903,1,7.149510646731264,0.4533747488747486,19,0,0
240785,85.14965681570686,3,6.204974722180276,0.42202687524130633,17,1,1
186089,90.71405327721527,0,6.368435247119659,0.1546957976273139,13,1,0
207392,67.91237432938487,2,4.183793252374217,0.2944804497175142,13,1,0
168823,88.65456559788711,1,9.163652302080527,0.4028210351749237,2,0,0
115864,107.7512137430878,1,3.3735334279939093,0.6790078361277513,10,0,0
219141,80.08939127614296,2,4.882778818941602,0.5571646980807975,13,1,0
64748,105.3471180703084,0,11.024068261921222,0.6879348496055804,9,1,0
15801,91.37378608040645,2,7.2723457661296536,0.7485826764800261,1,0,0
160262,69.21942201495402,0,7.3554208900603975,0.5658618290498991,14,0,0
245362,73.39020729980533,0,8.274677095535457,0.5280586821360593,16,0,0
39592,103.78954304561633,0,3.919325013757209,0.30540120066295795,15,0,0
282791,98.28786127887577,2,4.2124132670599534,0.8973342529146618,1,1,0
149788,91.52646109481438,1,6.110211306902307,0.21643118565796188,17,0,0
229963,85.88952278628082,2,5.19327808490462,0.5237468176416991,13,0,0
258710,93.15851966442878,2,6.850088069981199,0.6665598007090764,15,0,0
230984,103.20444373879873,0,7.971098590604272,0.6693475155062676,16,0,0
268067,112.13779920730927,1,9.778326095741193,0.2689821819121353,16,0,1
274512,112.85526299160907,4,8.622176679579182,0.4160193994264819,2,0,1
87575,95.57939851137748,1,5.011446576622092,0.3402090455764673,17,0,0
278799,87.4210246445322,2,6.250071844104414,0.10391315408679591,11,1,0
247549,92.19372011728284,1,5.706109657500771,0.5260653483489923,8,1,0
80031,97.8318053588262,2,4.9668782419753015,0.35647692075200454,3,1,0
97922,97.77100415767637,0,4.511649774644335,0.8010964569422692,12,0,0
134046,109.61979955710157,1,10.32862477544908,0.6230348876377344,16,1,0
42097,121.73633582874982,0,7.0212844864653,0.5082803900428213,14,0,0
152038,86.92118055578871,1,6.551539586790504,0.4054600935258262,16,0,0
134862,122.33827363236693,3,7.968515133188603,0.5230232139571349,17,0,1
240229,107.5835887013759,1,8.067492207483145,0.448825236816844,11,0,0
128834,88.48765514722189,0,9.237651307412843,0.5139078217786217,17,1,0
103848,112.4784725829762,0,5.5126767732664685,0.8803271541663937,19,0,0
62921,115.28472452128747,0,7.805444433745641,0.2870487689304645,1,0,0
190798,83.0955683370923,1,5.177652047298342,0.4662716262703453,12,1,0
136141,115.98322878728472,2,6.619684112522544,0.6412776800604447,15,1,0
191372,106.12624231553946,1,7.113485134324108,0.4199718316428351,18,1,0
294821,125.52838691968788,4,7.308967991438123,0.8161083681216739,14,0,1
65609,83.63942127000752,2,7.220642211694381,0.6356918306023677,1,1,0
237897,84.69859884396006,1,8.603661965089838,0.3562219169660753,13,0,0
41024,60.0,1,5.8060232180484554,0.5408137404549964,15,0,0
80313,98.56790880851943,1,7.363348545806943,0.3590782531624398,7,1,0
194078,95.62876883428078,1,5.4821903209592,0.3406683371291811,15,1,0
123632,81.555094926965,0,12.841505131771761,0.4719604040580838,10,1,0
261451,88.77223902767913,1,5.174271364472741,0.7527522323803563,14,0,0
13051,70.33168484737327,2,5.59869469131089,0.6490890079569434,6,0,0
189819,107.9766742924753,1,8.76529615402624,0.4954844787005488,14,0,0
97235,82.65450788207535,3,6.141069712997683,0.6562372389604785,12,0,0
207484,136.41073523431427,0,8.766092255402059,0.5537237420831657,11,0,1
199407,87.3659804893345,0,7.30604518745177,0.2660213948749425,19,0,0
221810,78.60571738427535,1,6.19362146689242,0.47097247616233795,2,1,0
213687,83.81530321897708,1,5.494489301750445,0.4853680808037069,1,0,0
83523,68.82058535183623,0,5.422326876726254,0.6523380673851925,8,1,0
246175,97.23407836054413,2,6.215357994974516,0.38670589987958065,14,1,0
104476,83.70150450331317,1,6.651207363310404,0.3174670848678459,9,1,0
243841,106.96879185596606,2,5.336237513152252,0.4908906086426386,2,1,0
289163,85.87878757238374,2,6.781535139626911,0.37091509920108945,5,1,0
232866,110.7666316752847,0,4.811769414663985,0.4352981560832727,8,0,1
96672,101.36183623975562,0,8.511802433192704,0.4838240854217747,16,0,0
83847,90.42895165077516,1,8.89472479891993,0.42339116725510895,16,0,0
220706,113.70348881026231,1,5.591349619582937,0.6926365485705633,13,0,1
38251,104.28440191555813,1,5.479653889769559,0.7828590212008844,15,1,0
113481,134.19319239994837,0,7.355833614019745,0.6725821485916428,1,1,0
35945,83.85817132532694,1,9.53073218606313,0.14576056696902728,3,1,0
42217,91.14924158187691,0,9.973327328506347,0.37160526753963313,6,0,0
18308,113.53063516516394,0,4.1945145535274655,0.46426957619356096,14,0,0
278093,66.84693282247332,2,9.012609659303049,0.13074534812998473,4,0,0
193062,109.75415344848844,0,6.876893324129611,0.32482165657014384,18,0,0
230552,96.58954136522206,0,6.91562059907893,0.46171400615348995,15,1,0
110235,76.67683866829128,2,8.009424731301122,0.4102051837741877,9,1,0
84740,69.55440512173317,3,6.038085059167772,0.5017300354617837,18,0,0
235913,79.91265790304574,0,9.19340126421661,0.22383432774460915,3,0,0
289040,60.0,0,9.847924543539614,0.40794352985663274,10,1,0
187247,82.65690834462744,0,9.922568555070473,0.5303819501453159,17,1,0
148877,99.33834500013873,0,3.31217042346944,0.502040294284974,7,1,0
15237,82.85549038546758,2,6.5406854625431405,0.5893787155295765,15,1,0
30056,110.82469052150712,2,3.129538830384485,0.5777148723995067,1,0,0
186615,114.89921404087931,1,5.4694398761133165,0.4185786062491671,11,1,0
197628,109.13466723938662,1,3.0,0.5240237766150244,17,1,0
124548,93.45961365396548,0,7.900533269278974,0.34000138106099265,5,1,0
144415,60.0,1,7.4386192711603485,0.44595433619454244,7,1,0
39375,79.44453761951091,1,6.134797786886468,0.2888765056100588,19,0,0
150734,87.86942209838419,0,5.417703778899397,0.7130848864552517,15,0,0
26964,76.59198525742784,2,7.62806324870734,0.44530113989385356,3,0,0
123429,87.90741786770144,2,4.977155857257808,0.7127886892456127,15,0,0
262764,114.1510120304007,0,4.841075770465347,0.5622992137376891,5,0,1
200710,65.31335205727022,2,4.595167596130581,0.3228675476687537,12,0,0
226139,117.1753808417854,0,6.592318138522702,0.550221319800304,5,1,1
77215,103.27089632631206,0,5.835384860934474,0.661943653017569,3,1,0
154356,94.02325212416544,1,6.231523963072659,0.4844838416794973,9,1,0
213861,79.29575166388854,0,8.043617480037463,0.5148058704682477,9,1,0
19435,76.89074481762862,1,8.926593209718998,0.3897085383289844,7,0,0
185150,65.60673428116891,0,9.900961569791772,0.5048206452954696,2,1,0
61293,115.7514822047158,0,7.120273955936584,0.5475796377604284,16,0,0
88781,113.06417340111062,0,7.69517820512554,0.3842368371762979,9,1,0
201475,68.90573057125077,0,7.377692714261828,0.2841408126640691,13,1,0
170196,81.71058007640698,1,3.651628602372193,0.757594099916639,19,1,0
236507,96.49717153847863,0,6.260605888057827,0.6208241011969483,17,0,0
249833,85.50736292741688,2,6.269803554518672,0.39046837892572317,6,1,0
262377,61.21987864452274,1,5.978374348460777,0.543931451431611,4,0,0
176319,80.13340859166468,1,6.918121342762324,0.20428426646540215,1,0,0
131172,119.26551447030027,1,6.561038893571343,0.10458580521792876,18,1,0
69101,81.15032114378334,0,5.027346472149885,0.7168266174955602,19,0,0
298790,87.5479899494669,1,6.697948092305894,0.5459102280523082,9,0,0
33049,72.8223386394693,3,5.7218992058299385,0.49045950610307676,13,1,0
220677,98.81644477925622,1,3.0,0.5465314409625905,8,1,0
78385,91.72727698536876,2,4.205862159379073,1.1452263317839404,13,1,0
136131,78.86970387664532,1,7.177828651626157,0.6738190572490649,15,1,0
206489,70.43016906288862,1,9.183782628308219,0.2909119467250386,11,1,0
33289,111.06815061016314,3,3.0,0.16392472161593497,12,1,1
281967,65.9168489003838,3,5.2592167324926855,0.7109071526718832,14,0,1
201232,97.55723543384332,0,7.86290766798952,0.6712191708460014,4,1,0
19540,60.0,2,8.756390927506336,0.6150121535100882,1,1,0
26364,100.60817524518573,0,6.159772876847964,0.33742419382012134,4,0,0
37663,104.55448330890091,4,5.6344352831578615,0.5726570779767951,19,1,0
61991,106.4217556745987,0,9.439421499780387,0.3553309662513069,9,0,0
198751,87.58187297145197,0,8.592185411997137,0.6325563772041922,10,1,0
172049,113.76005408345544,0,8.717236796152031,0.6965313814544682,4,1,0
104704,124.61687542494101,1,6.063871995018509,0.39130544823409297,9,0,0
59115,85.17565295931055,2,9.227388475367357,0.7263620322430847,13,1,0
229295,83.23492454805108,2,3.109862534272577,0.522970479912542,12,0,0
201962,92.23765890517403,0,9.262460183318026,0.5983746424883971,11,1,0
207459,82.8347978115869,0,6.866935693116221,0.23807332726183916,12,1,0
159143,80.64194705984819,0,7.25786838249563,0.5464429011909799,18,0,0
200347,81.94892189637736,1,5.109494683845046,0.3648831225170664,12,1,0
21938,115.73634012009367,0,3.3719473037836987,0.5949266908028348,16,1,0
14000,101.57822992553147,2,7.215408295583462,0.7934325339302525,5,0,0
211660,82.78580809112863,1,8.102789099182795,0.5579040418632705,12,1,0
261492,60.0,3,8.40538476963753,0.3198290187133632,11,0,1
48304,66.83303259590299,0,8.189557191649172,0.6252932183555173,9,1,0
92986,97.55143623902816,2,7.736323390106915,0.5803577491575433,18,0,0
161836,60.0,2,5.15242712761408,0.9117203492800618,3,1,0
118940,94.39490291177934,2,8.534952145040066,0.5507935921801888,17,0,0
275517,74.01654412702462,0,4.928755305049343,0.38290500175518627,14,0,0
153233,91.3770866187101,1,9.21412847213027,0.6541282451292756,1,1,0
107532,90.95784452001215,1,6.832036262387654,0.4744643855388813,17,1,0
110386,91.80884900836065,1,6.898581560269032,0.5160501979423547,8,0,0
37350,84.08367229382219,2,8.731853236610204,0.3143047939248895,5,1,0
103008,83.59071561588402,1,9.002937251068278,0.47551303743931733,5,0,0
35351,79.18814371595342,1,8.541277357900277,0.5061609394980872,9,1,0
98668,97.25838475862835,1,5.359084300888663,0.4743302648526244,3,1,0
124585,102.07789012171422,1,8.525339100877105,0.3818225275138357,19,0,0
217869,71.71541216195811,1,5.370420780059104,0.5576458260690591,9,0,0
75953,89.22557291561596,1,8.575802803455318,0.3153055166316332,18,1,0
292502,92.94873110231607,1,4.149673607875471,0.268201079895201,16,1,0
13267,92.75656701934562,1,6.812639876123271,0.6419072341452882,1,1,0
92745,92.50154429394776,2,5.358217720988658,0.6235500356174569,2,1,0
167164,83.96947784482164,0,8.739871304896052,0.2384791038639295,14,1,0
21338,94.18545638193808,0,9.230333548178027,0.13408899071350744,14,0,0
141484,99.2704306647543,0,7.3979930275838655,0.2982515909206863,1,1,0
17543,92.11554983733846,0,7.332218287875769,0.4743402011053604,16,1,0
70692,97.58909754800587,1,8.408354244962272,0.7308699149531012,15,0,0
230156,104.85530116556261,0,9.242229759898235,0.469451086437496,15,0,0
233992,62.235894631570986,1,7.074622349324323,0.34612779025439366,12,0,0
48756,104.15195762798051,2,6.000649350104039,0.5297172458166121,16,1,0
28888,95.13641647831912,0,8.294534972880976,0.4771967769500839,14,0,0
176807,73.32562008391909,1,3.2825452578126577,0.2237985385094004,15,0,0
124352,102.03706323479533,3,8.81930307911765,0.22498742301625774,15,0,0
95999,84.02518640964057,2,5.579626101116576,0.23036049957694132,19,0,0
27955,86.07050345522171,0,6.519544267455102,0.9959703069815873,8,1,0
80640,82.38480326301507,1,8.832102646236622,0.6719962880547227,2,1,0
206582,94.53598266357336,1,6.168980967220618,0.38125678829292753,2,1,0
229798,78.2197028623192,1,8.294817757149605,0.7216533645657863,10,0,0
71476,103.52211944921679,3,9.277817508148829,0.386388742467707,3,0,0
177280,87.91706119207993,2,7.220066180095011,0.7150360793947459,17,0,0
161222,84.53696274768093,1,7.6228963116494235,0.5160612914138909,8,0,0
81180,101.29313516420956,1,6.761128252112562,0.3682297500405406,4,0,0
184358,85.2066485652138,2,7.23119599412744,0.635964069165794,14,0,0
122856,104.22265238043451,1,4.767190440099936,0.527503914544737,10,1,0
196141,104.69389426261299,0,6.41252382688385,0.5796535544358652,1,1,0
120448,69.97794242671534,0,4.423588786034961,0.5431014046368218,4,0,0
24397,106.63890303334387,0,5.2024655509452025,0.5410029545741856,1,1,0
188031,68.06946042747171,1,3.0,0.6601107776173489,17,0,0
129180,107.57370790323766,1,7.527856307009774,1.0167613697635334,17,0,0
76234,120.42535788345359,1,10.383204330754827,0.7497583801099116,7,1,0
49954,103.12251657403698,1,6.087788529718858,0.543929032056609,15,0,0
188352,60.0,1,8.930267181144758,0.43787861702008535,13,1,0
89459,105.95348579079028,1,9.251385632033832,0.45985301639960163,2,0,0
205004,123.69193448904018,1,4.601725531303459,0.24877414107791007,19,0,1
210968,85.45452538502956,1,5.032412164618356,0.6329087085106433,13,1,0
69163,89.47945019955165,1,8.981596176704414,0.2970154616683315,11,0,0
61934,72.17269917110352,1,6.815317274016295,0.42550913759014736,15,0,0
205967,94.68119128229503,0,4.418422267698815,0.6340697405803999,10,0,0
15486,109.03765773814693,1,5.726280826142785,0.45253493924069477,9,1,0
149407,100.4660569222418,3,7.839320489624131,0.4015424018941494,9,0,0
136020,137.12950465931698,1,5.412126651790333,0.2605038627788714,1,0,0
112795,90.49540564448697,3,3.0,0.7410653464609622,17,0,0
230184,65.53989948877103,1,6.355973645584327,0.3333556269094242,12,1,0
152202,92.56456457352328,1,6.518013612289607,0.38282483461041017,10,1,0
247027,60.0,2,7.018452868288654,0.1416541160332277,5,1,0
128324,82.00344112703229,0,9.51776674657906,0.49602779043841994,18,1,0
207775,114.36573087900318,1,7.10704559579809,0.43334102272768815,15,1,1
299336,94.87700472947657,1,7.485874708851414,0.5363715833936826,6,0,0
273206,92.69125219246904,0,9.111073947298838,0.26507366460848525,7,1,0
94076,117.31170565073035,0,7.020688031671524,0.6468361587070272,17,1,0
99780,85.94100162504945,1,11.273041490580205,0.13215788943077672,6,0,0
162617,108.92730619401163,2,4.472583412041996,0.48156450000351886,8,1,0
31689,91.9396046274951,3,5.131704573784312,0.5230976566279167,12,0,0
283318,95.7007119518854,2,8.227916816541628,0.511554801341217,14,1,0
19348,71.7404271620548,1,9.508627065877278,0.5315509742320536,12,0,0
48102,82.76929807757675,2,6.5984100062627515,0.6577343368521733,10,0,0
84460,69.0372265073419,0,4.978757658421189,0.7649397409946102,15,1,0
99930,88.57132382661982,1,10.521979170450704,0.46887841433741184,7,1,0
16801,95.856035158744,2,5.415262210391379,0.3064314729720773,9,0,0
113150,73.34942842362821,3,7.678108902265958,0.6121434564585513,10,0,0
213339,120.73768384027235,0,9.62830362269557,0.4439521230511618,10,0,1
189208,94.17159028637941,0,6.116789553157958,0.7529239423244359,16,0,0
164697,90.8669337837783,0,5.755744325486572,0.37960667712557483,7,0,0
223945,101.54486627018437,1,5.892624515940672,0.32839782227344383,5,0,0
241915,77.56607878701116,1,8.803102513149529,0.5287587501905354,3,0,0
213664,92.4521621875118,2,9.120295410405319,0.15191644175260155,18,1,0
218124,79.24700669463613,0,7.067450783524254,0.4065142572483433,11,0,0
11542,113.38019865133474,1,10.766164506139468,0.4340318846783303,15,1,0
293821,74.12040975904378,0,7.063933118540255,0.5440944641545364,5,1,0
187804,90.9474818896076,0,9.58466642833633,0.30074558074596014,12,0,0
191415,94.93973677727664,1,6.135996791498122,0.32409990554640966,4,0,0
49081,95.92238616611552,1,11.667513067411129,0.7313827381392799,15,1,0
203928,81.28147240375752,1,10.140262831159422,0.4973077090828696,9,0,0
229930,76.56735896782354,2,6.744050728942969,0.6729274367805922,7,0,0
291209,81.49807240430852,1,9.869080417434006,0.39164251972330744,10,1,0
224532,97.92488151315423,1,9.767960982344036,0.4891098075158249,13,1,0
98092,87.84231343632055,1,10.106082152585298,0.5429068854058428,8,1,0
299106,101.94313212678782,1,3.0,0.8495109815246527,12,0,0
38295,97.1550557909261,2,8.43870289858167,0.45647636396570374,19,0,0
23807,60.0,0,8.084597538611483,0.46674622125592435,1,1,0
167504,93.71246695255816,0,7.942146561886905,0.7196306055473476,16,0,0
248067,123.75682151724405,0,7.436692866795795,0.42403771230298254,17,1,1
178152,109.87903576557497,0,7.495622559029053,0.5569258383345508,18,0,0
176981,96.33019741060453,0,9.566280610596161,0.7021918412838063,11,1,0
230411,74.10911804295084,0,8.078946747386745,0.3848316256602119,18,0,0
29870,97.16330574188468,3,7.433812887464725,0.5680924892967313,7,1,0
213196,101.09624909817389,3,9.278762029671238,0.8491101420290026,18,0,1
258683,86.19379978758624,1,7.836052356823741,0.6842636097676307,8,0,0
244677,94.75113088206656,0,8.027136854706761,0.5569866139369624,6,1,0
36790,112.6449368759406,1,10.734074217622455,0.45513573763347337,7,0,0
128874,77.14088370387411,0,6.131038574900705,0.3791363437450324,10,0,0
297433,74.1255059256131,2,3.9685793231975146,0.30236281535283854,11,1,0
234786,100.3904898899132,3,7.144727021981594,0.8019247919931356,13,0,1
25485,96.8631395429712,0,7.4290866899139285,0.763094209074,9,0,0
96188,105.43257443119218,4,8.443058058914382,0.3685771044918845,7,0,0
14748,98.54690717855655,2,7.214631829323922,0.5675373996156278,9,1,0
227841,81.48367405238709,1,8.510238487945118,0.5222652997012622,13,1,0
150507,96.48288977198108,0,12.009233360543139,0.7368830922648147,3,1,0
275853,72.8681018505574,3,8.603028637754019,0.57656023966027,3,1,1
133961,86.24521932400509,1,8.954630602102936,0.49543624785393037,1,1,0
40355,97.54198846449606,1,6.740937184555132,0.3916628795408639,2,0,0
196843,84.59228674914165,0,4.229485820985396,0.5681735690251654,3,0,0
166542,127.0207827334474,0,3.0,0.4303634858074759,15,1,0
183416,61.617236267645,1,5.962638835728564,0.5441369890259683,6,0,0
49298,81.78764464501783,1,3.0,0.4848057841083372,13,0,0
71629,75.93330249195134,1,8.027098050038548,0.4255016240259706,1,0,0
240907,79.4947678881307,1,6.234366031150292,0.3054518452736361,19,0,0
33960,80.35502664778681,0,4.373250267049514,0.6028390505494603,1,1,0
223920,70.1036896971151,0,7.261748239897251,0.5085140682758066,2,1,0
252804,101.29053222858941,0,5.522735612716392,0.8574841710932855,15,0,0
139695,81.79357053919348,0,7.9015525073015365,0.2935310323244782,14,0,0
244286,92.45360003382982,1,8.415252659645008,0.6250596384465983,19,1,0
138148,83.47761357134632,2,5.596331674023117,0.4834707063946718,11,0,0
292703,79.63679381570685,2,6.525437637819348,0.9199516796653116,15,0,0
202714,115.08418854130274,1,7.42979150767644,0.6097943834122934,6,0,1
217611,103.84398273314112,1,4.18591557291515,0.5649377163270168,9,1,0
293876,61.97699400067283,1,7.429615045754033,0.48397951300523606,5,1,0
269747,60.3879382749617,2,4.137962703841209,0.35937578906687606,2,0,0
101362,105.6391325345473,1,8.131433959105738,0.5622785585281861,6,0,0
285987,82.20219912676869,0,6.129672674743602,0.22353947817264763,18,0,0
124065,65.26376499098666,0,4.126914531911531,0.23274318228300578,19,0,0
27640,105.68602698810511,1,5.840052801718351,0.7024876873658991,9,0,0
62528,92.53686075148636,2,5.9246508376131155,0.14757517219118693,6,0,0
269214,93.7735662724848,1,9.137041766773889,0.4360852883418325,14,1,0
120133,102.14308908008861,0,7.346609398571588,0.29017470174820825,13,1,0
209938,70.3503426257641,0,5.087445084869735,0.41950586152206737,11,0,0
160159,65.52748767923754,1,10.298132574400974,0.5369090604678692,12,1,0
182502,113.71431442354803,1,8.252980803021117,0.6969110581928345,19,0,0
165576,68.44249858886562,0,6.327355262840675,0.7435267179465442,19,0,0
21023,71.66643304386653,2,3.892331628609955,0.31620935616823553,19,1,0
31447,74.66346930681351,0,6.150812841039613,0.4068076126746471,13,1,0
296103,121.19918885535783,1,6.558973830684659,1.3105100244423913,14,0,1
76203,97.40074950617284,1,7.738064662900511,0.44999706281292756,18,0,0
170775,104.4811196165307,1,8.21451301931931,0.32355784080081906,12,1,0
19337,92.94251318368093,0,8.61316419082147,0.35683984745171227,4,1,0
56427,80.9716918319815,1,3.7770651383229055,0.4511720167381339,10,0,0
115787,99.46936924890252,2,7.417009642326485,0.42145252744230816,17,0,0
172993,66.65076043804794,1,6.680768349503577,0.45312597536102606,4,0,0
137016,73.57074821855258,1,12.355954552339757,0.4957146892546872,12,1,0
276979,100.99462768892222,1,7.129388878192742,0.4943184275413671,13,0,0
30159,69.6411715375983,0,5.754693603077257,0.3089027005457612,4,1,0
188677,87.1637779625719,3,7.22073771343383,0.5738662042312261,10,0,0
176619,87.84731483466882,2,6.9828634239784675,0.5242093899761369,3,1,0
92844,82.07006994994256,0,3.0219213856979694,0.5993163341099852,15,1,0
37532,60.733222877267146,1,7.816608926835674,0.15710918925496858,2,1,0
175421,80.56606663216961,2,6.378883818642836,0.5313688487382956,17,1,0
132402,77.62547434601272,1,6.9466175696789625,0.1028807368195967,6,0,0
128012,92.42159794931548,1,5.252862932218884,0.4648858211046839,8,1,0
66178,91.65735808049203,2,4.8121715395755285,0.6315872585506151,3,1,0
59407,95.6694218990531,0,8.75776466815129,0.709155830320473,18,1,0
60990,79.86020590538403,2,9.216913312885648,0.5668920128194009,1,0,0
139473,97.84166925698838,2,7.83619721087447,0.6350781470585978,16,0,0
236156,66.65989900839475,4,3.378404798880731,0.4401990075835081,7,0,1
178964,62.67142901021469,0,7.966126718522648,0.39816644601500756,3,0,0
11015,60.0,1,3.408126897326628,1.0385516325047455,4,0,0
71813,82.51054140642005,2,5.67764873034347,0.6654320623730422,9,0,0
37712,78.70052663492163,3,8.731116897514484,0.2654032297069213,5,1,0
110497,101.839734177819,0,8.315196963408983,0.15306721569340187,19,1,0
252926,80.27006119426696,2,7.9139347290669395,0.40698611018728487,15,1,0
122816,94.10064521916401,1,9.625805307839567,0.7383737012617331,8,0,0
138778,102.19944864874616,4,8.120030294815853,0.5097478308057536,6,1,0
72292,79.70521386526326,4,3.0,0.1,18,1,0
295977,94.47078315160763,1,6.26093830748728,0.4645413153620184,19,0,0
145230,105.02891323432792,0,6.916783084537879,0.49951968995028967,15,1,0
203752,71.42755837791648,0,6.6825165464612555,0.1,7,0,0
292453,90.37278507366966,3,5.765729649795221,0.504833230410038,10,1,1
279114,79.76948425201029,0,4.939687733072811,0.29732639848173514,6,0,0
161456,72.38265176260292,0,11.801489938918637,0.13289071784233686,14,0,0
290161,66.95322389264656,0,6.222510349588436,0.8209015160330804,17,0,0
115570,72.1402714173195,0,11.703204106748906,0.28847955984301443,9,1,0
280846,90.90043508628018,0,4.717419190487892,0.3665430529087438,19,1,0
10404,65.8373331665738,2,8.314120137518016,0.36388342278666436,5,0,0
188998,81.73909463867044,0,7.4592828327797385,0.5004477501848605,7,0,0
284907,102.19791610279346,1,5.156100945869879,0.8532621214111749,19,1,0
159456,96.73516445128404,2,6.064885780358632,0.26076262595281363,7,1,0
201172,82.04238565592765,1,6.96973986127806,0.438639297110281,2,0,0
150932,115.34535620038085,2,5.311766765667748,0.5241723758052796,16,1,0
245365,118.39554620867492,0,6.487718811929147,0.3262416505680989,13,1,1
60612,90.39183647309589,1,3.0,0.4354227190842787,8,1,0
295718,60.0,1,8.423031980537479,0.6188999613499114,6,0,0
295668,103.2967229552439,1,9.454303348245585,0.34885900265870146,6,0,0
210244,60.0,1,7.908727414997319,0.4322714982539641,9,1,0
283060,112.14219166080099,1,11.528516255875559,0.4137292146161428,4,0,1
14809,106.25377351113448,3,8.364192455199786,0.47923866377313257,11,1,0
173273,116.61318756207031,2,9.285619277555119,0.5486303429246484,5,1,0
194402,93.9039833755159,1,9.476725665020222,0.6173121536213757,17,0,0
154528,84.57921349227243,2,3.0,0.8875108603924675,7,0,0
48765,83.24848299464664,2,7.847346397499126,0.1,15,0,0
31949,81.80609743453654,2,4.234130099366437,0.4665217321589117,15,1,0
211152,104.71602980512054,1,4.638193096858389,0.2271127855515614,14,1,0
186615,100.68407234258817,0,4.986053456396171,0.4229259998698191,13,0,0
102193,91.8033845015132,1,6.374568399965247,0.6761734661388156,11,0,0
46187,79.16728038109542,1,8.300919921475394,0.7395585044284756,13,0,0
148311,129.4381894695041,1,7.8679796500134085,0.7489429153636817,9,1,0
286633,103.68561920944305,0,6.974837234364805,0.7470585029700847,10,1,0
199089,66.03432120339886,1,8.445366882411921,0.46521298567591435,4,1,0
71877,82.25615976094309,4,8.566972643184206,0.7797060549414327,17,0,0
104074,103.97664146113058,2,7.885248378466691,0.8193699589211685,14,0,0
173121,78.00691618150974,0,3.550990427850428,0.527760090908302,18,1,0
47131,95.27321938238833,1,5.521334421286552,0.7354473203135127,11,0,0
125765,104.26194450504222,2,7.052655667885298,0.5082474037033157,16,0,0
116884,60.0,0,8.466905766282169,0.7820465031101758,1,0,0
135917,88.37943450316125,2,4.342840684552026,0.4676673525272884,7,0,0
296429,88.96813730347682,2,6.977309620449439,0.3780959036613631,10,1,0
183880,83.81891316474315,2,3.8687510872210957,0.2760017139456767,9,0,0
291342,94.52542702419062,2,9.051835971438557,0.4652741933524699,3,1,0
25254,99.86279411243812,0,7.4846945567294485,0.5168776388656605,14,1,0
54238,92.13076416486913,0,4.307727928088115,0.31082946772480924,15,0,0
11252,84.39258908925852,2,4.294542924391413,0.44997830820086826,2,1,0
91317,99.48931949676404,2,7.77486374316852,0.3946901381158468,14,1,0
88587,90.73580113911535,0,9.74959782912633,0.2846048907338982,16,0,0
16949,86.53949380206782,1,4.806428325101306,0.7071769323107167,7,1,0
248897,70.31580921991622,2,8.573208217232153,0.7423807206211569,4,1,0
214625,66.56017822100883,2,5.915524563944341,0.7062865356584618,18,1,0
148013,70.03155310928895,0,8.646388205385772,0.48316884187570014,5,1,0
35934,94.17493591830322,1,8.366381820730625,0.49552343892162554,6,1,0
266434,88.81381878590473,1,7.310599682964879,0.28736532885212995,7,1,0
260875,67.79573852688804,1,3.331217387438834,0.5829265790482676,15,1,0
80390,99.68876738690716,1,8.362371300248226,0.5339263412371241,1,1,0
193401,110.61464269768643,0,8.00403854199373,1.0687894793051362,4,0,1
263490,81.02259574925496,0,7.820859506389005,0.7174204724031485,1,0,0
53088,63.885272139474395,0,7.391348126461956,0.5630489853141709,11,0,0
257940,79.36310422647131,0,5.242426223335784,0.4916781378013351,18,1,0
226464,102.81690940192041,1,9.165925542038224,0.7002613074154451,14,1,0
228441,98.22794787802161,0,8.796279441633272,0.3168522659238956,11,1,0
292107,76.16350970982782,1,4.84915444631067,0.7279275624028063,10,0,0
135911,112.81758206647112,0,9.628590021035503,0.28257129995254016,17,0,0
233777,110.22420098889597,0,7.2633388692707745,0.3876952285570537,4,0,1
286532,79.00490905085039,1,7.258273906290345,0.1323641001191081,15,1,0
15569,78.8506499555255,2,6.6472893271626345,0.6228152446098184,16,0,0
79836,81.10758093930765,1,6.844013206829889,0.5499858052526378,13,0,0
114573,82.39000836917181,0,9.74179837661954,0.38770339504679524,9,1,0
268090,104.25807011892665,2,9.066149969197031,0.31417224180483627,11,0,0
153087,96.3799359071489,0,9.02369416727883,0.7757444453400135,11,1,0
55002,103.15618154025881,2,7.369128705090756,0.47327921247936594,6,0,0
257666,100.1034771478005,0,8.778343447068792,0.34654092509588486,1,1,0
147326,115.71790602290598,0,5.3313738519188565,0.884386592723605,6,1,0
165286,74.10921684286289,0,8.166885956996133,0.36858741617165747,13,1,0
221791,95.70537795575875,3,6.693023936062065,0.7277234142907572,5,1,1
212846,60.0,1,3.0,0.2698018871978853,15,1,0
147162,70.24566638854712,0,3.827796682356073,0.42901075395860544,18,0,0
152709,88.8771992109773,0,5.67404243982156,0.6004582450764773,14,1,0
163487,96.27309919131804,0,7.83030796869742,0.488432610079195,15,1,0
34071,88.47276386955646,2,5.675840423332062,0.5487526043026105,5,1,0
68243,81.49211371780983,0,5.817766525230582,0.39223303079519906,4,1,0
182312,84.15873183760444,0,8.526521843749684,0.18044076962008115,2,0,0
267218,110.54161464636157,0,5.889975761100626,0.7931152768729421,7,1,1
224879,84.23951733179788,3,9.661614484068823,0.4044343245251862,10,0,1
38732,116.23862433065293,1,9.330247479640269,0.5578024911064677,16,1,0
131465,101.910256103117,1,7.043762641142637,0.6403914983264651,10,1,0
67108,96.86306019222346,2,8.506922903316656,0.5617516408622786,18,0,0
121195,72.09604634518507,1,8.234480908712763,0.3582817466123569,17,0,0
46668,104.02857242099441,1,6.508669448081193,0.7319529923903544,13,0,0
295205,82.59344133377252,3,8.723269325944292,0.6027358350049739,1,1,1
49749,72.0834036299145,2,9.017804110781054,0.5397547300690457,1,0,0
140560,97.69265419619066,1,5.095129538419199,0.5351169607171778,15,1,0
157979,69.18080909150191,3,7.307097276641483,0.8364524688514114,1,0,0
159849,78.56637806805627,0,7.285007645152331,0.35398755614937016,6,0,0
234301,89.84826132796633,1,8.699238934901409,0.5830511656735493,13,1,0
61745,123.2763213617209,2,6.1122832991013265,0.3942741016799645,1,0,0
101865,79.69626366311269,2,5.804479334447143,0.11273883873199936,5,0,0
222890,83.12675221049138,1,7.337999320622307,0.10745309502742384,9,1,0
33624,100.98517581632468,1,9.362718446507145,0.2970727250046573,17,1,0
33321,71.42556467435931,2,4.6012457691801325,0.3683113667975409,16,1,0
294718,96.64209571531373,2,4.9503876933257445,0.9345899498721728,8,0,0
184293,108.08890211424881,1,5.958990184058823,0.6396776868612178,17,0,0
269127,85.39357672933347,0,6.314845855836895,0.657668604171884,15,0,0
196717,105.39231422095298,1,3.4688343951249703,0.37258429874992877,1,0,0
193868,94.37174884817709,2,9.996390573830295,0.5122654339038897,12,0,0
145504,79.03977054294329,1,6.739386817301776,0.961230596949243,5,1,0
105257,87.0329297115524,1,6.439790951640058,0.25711646524448706,6,0,0
74291,84.30363990029637,0,10.245275076070834,0.5912477594734629,1,1,0
220176,88.68542613275284,1,8.435586990247625,0.8222591533820527,1,0,0
200471,92.29076848829743,0,5.929156245333303,0.693188617094448,10,1,0
228803,98.82299902457785,0,7.32921569061631,0.8603079227850468,10,0,0
121317,97.63002374380703,5,6.916525735247043,0.5425730513054258,3,0,0
149789,60.0,0,9.896701713858553,0.6206906050374196,17,1,0
83686,88.5403771684196,2,6.665151596632814,0.5219548773580746,19,0,0
77661,67.35867129889856,2,4.11588091628358,0.6066691118279162,11,1,0
54247,85.86409121299012,1,3.2455517863894086,0.31695871753931537,18,0,0
255121,88.1431561828362,1,9.950322694813377,0.6584696817887364,2,0,0
157820,104.64222537127064,2,5.4227706044747395,0.5588496625534113,9,1,0
276765,89.54826799349851,1,8.340423311266619,0.5125318732509094,17,0,0
156106,93.8882702751489,1,7.143526861430104,0.8492783275631708,14,1,0
268930,101.89584570986143,1,6.166690424243485,0.4469229201790451,4,0,0
146194,108.4162838972895,1,6.480305165993749,0.7415644069240865,17,0,0
290174,88.15479114964634,5,10.166755763059065,0.7614557194199512,17,0,1
48638,91.41269162520614,0,4.10387314271375,0.6711088769170926,12,0,0
128033,90.1503495336338,1,6.227089538488149,0.3069800658526841,18,0,0
115977,81.86101553353386,1,8.813131521367403,0.571815659468631,3,0,0
98869,78.46327164836416,3,4.433709983107487,0.8916948602263,11,0,0
115186,60.0,0,9.63456561555517,0.13628929306265924,18,1,0
176926,73.85008598213506,2,8.784499431507252,0.46246830114075976,4,0,0
56271,63.32053750185295,4,7.543591370264673,0.73246170393364,17,0,0
151339,108.82797726679878,0,5.993686191451465,0.4769358800424724,18,0,0
231897,92.82624012446142,1,4.176867689632086,0.6619775633947745,5,1,0
11062,88.1109154057975,0,8.414091788268141,0.7818382057198245,14,1,0
257736,79.23772220878378,0,12.497289868967774,0.5464012566297605,10,0,0
60448,90.44668894851935,1,7.291785071833717,0.6017981041711081,15,0,0
105462,77.28030183517,0,3.3479091785361983,0.5183741867160402,1,0,0
255885,92.61027834930906,0,7.915032980253495,0.5595611763940633,16,1,0
57915,93.6860097438203,0,8.720525942802391,0.9205204869792541,11,0,0
276776,77.07924446464884,2,5.164295136208126,0.48721030146387045,6,1,0
114592,76.79307052766391,0,5.708976147821208,0.42936919241088384,16,0,0
144668,104.43299031892676,0,5.505243542507416,0.7083508458039525,2,1,0
118099,89.2071006856305,2,5.937272266272622,0.3314155335516414,1,1,0
17561,78.28469356102664,0,6.655673771443908,0.37705570854695186,9,0,0
92152,84.44240547465722,1,5.2781977830129945,0.3783309412094755,12,0,0
135036,74.8410886994009,1,4.52832451729555,0.44882509550839195,17,0,0
36734,88.99224629007125,1,7.348750771350034,0.4575601070259883,15,0,0
36069,102.47442461496703,1,6.634675920272598,0.6398199179331014,19,0,0
220977,89.58493998608608,0,6.127516459766366,0.4315276729482646,10,0,0
22910,125.45450165513077,0,7.166379433443028,0.6478926938470374,12,0,0
91264,96.32039352073502,0,3.9596485888831117,0.6728361409683565,14,1,0
33275,93.44931671763318,1,7.52640584599352,0.3692977601333919,9,0,0
82274,76.37546803551291,4,6.168623599420875,0.6685412037396902,13,0,0
201076,86.42199829736,0,7.478978936225559,0.6866836965916576,3,1,0
204053,78.31479235449461,0,7.799298210837935,0.14781271267382823,14,0,0
195625,60.0,0,9.262302556572354,0.5586961905747934,10,0,0
58447,104.61393333193212,1,7.205908833977823,0.3987183783398173,16,0,0
85703,82.32824166674654,0,9.133437660108653,0.7606129960664885,7,0,0
289404,78.5939988850004,2,6.35617371773982,0.3966787629452875,4,1,0
122581,93.15855050937697,0,6.451644973271153,0.23210336893786604,11,1,0
275956,97.68749328332275,0,6.8181436543526495,0.49403663666623443,16,0,0
199728,85.18837750640581,2,8.548249801356423,0.3206055391801764,4,0,0
126421,89.96097498586472,0,8.261918154045826,0.6699170529075776,17,1,0
11605,101.19281110971605,0,7.270143759723588,0.33827750022364256,13,0,0
82303,84.59709608085079,0,4.544529316790957,0.4964987101623446,11,1,0
168211,94.53500612645001,2,8.226118351532651,0.8091620854328329,3,1,0
197210,65.11133072416274,1,5.277190730434058,0.7197057244428273,9,1,0
271949,71.38021502358377,2,5.16820521240056,0.5955678406577898,6,0,0
154990,99.08309667120605,1,4.723029820124634,0.47448445748954504,11,0,0
168518,70.59662041249052,0,6.833662578395929,0.5765792912422176,16,0,0
134040,93.51206320669944,0,9.423448596941375,0.6377967905450108,19,1,0
154118,87.79501826704391,1,5.069278911239572,0.3026795273569023,5,0,0
241966,84.53299106219657,4,10.357151906348175,0.670267448784768,14,0,1
276468,77.57305846548408,1,8.819620444907144,0.2796611894885838,17,1,0
281255,103.64010027158064,2,4.070795873498751,0.6144903870024553,3,0,0
26389,115.94836731779753,2,6.234449635643357,0.2786219190900718,4,0,0
132177,94.50288243900292,1,4.91949946601839,0.8925592486741228,16,0,0
169818,94.83736073509226,0,8.329910915471432,0.6526683249874078,16,1,0
132883,79.76504055213759,0,5.023673304659182,0.18879494424280913,4,0,0
228958,72.0585415226343,0,3.7577610458876407,0.4998146747539694,19,1,0
248213,89.40391642790738,1,6.3485484465258235,0.39571559118307287,17,1,0
122221,75.39375528062887,2,9.338788147392517,0.3720546140437272,13,1,0
285378,63.41084807526268,1,6.614967552314893,0.5294207052936837,1,0,0
270669,102.05168718548373,1,7.796887726713364,0.3144012500663003,12,0,0
244936,102.7825018237775,0,7.874462195094082,0.6522931529968872,4,0,0
10846,77.11741840570359,1,3.9754488145178506,0.6409308173998685,11,1,0
20954,93.65946481918867,0,5.201251745690692,0.570284954988397,5,1,0
254761,105.0292840168765,0,7.0129283743951945,0.4960990942918271,2,0,0
147541,93.07540030592818,0,5.885290032689223,0.6319636571889964,17,1,0
74323,72.102680308519,1,10.408909100788316,0.6582771012155968,8,0,0
101922,86.50659880144352,3,4.54335520983822,0.5909835473483362,6,0,0
199139,109.90214130062986,1,5.181479793534299,0.23762519536395244,9,0,0
190448,93.7053996540767,3,7.581088518959492,0.34232277722619864,13,0,0
186659,98.08698154774208,0,5.744213324433421,0.4463878157015775,11,0,0
245659,95.12443829053672,1,3.0,0.2048418204300605,16,0,0
114537,77.16732963032621,0,10.869362458827634,0.544800626666306,16,0,0
251983,80.68732171076036,1,4.851389227547026,0.7822010414647234,2,1,0
52533,95.08297735577614,0,8.121785445363612,0.7503380733519185,10,0,0
273972,102.25307670030612,0,4.493217657551691,0.647925228800975,12,1,0
11917,106.49857426376823,0,5.27393018583402,0.645542386774311,8,1,0
292762,77.1284168284771,1,3.754133994637524,0.9430591061926763,11,0,0
42254,96.4968080201579,2,5.51761319947384,0.6687727664356724,10,1,0
271987,107.80566167578465,3,5.711436365102902,0.6851271373576694,13,1,1
57362,75.19377344567967,2,6.734868645310206,0.21221706113276906,17,1,0
292272,112.3012070369966,0,6.2548623152471015,0.7665637588712536,7,0,1
252353,114.58411241016285,1,4.116960346072344,0.5796994700611124,3,0,1
200455,129.37629509432492,1,5.952200343312146,0.4840431309134645,13,0,1
75545,93.46400161244992,2,9.894021333549613,0.43447237518635223,19,0,0
92180,93.54637014393673,0,9.656781090823625,0.390280912666151,7,0,0
97958,102.40491583675977,2,7.91137405782938,0.7513553756721791,9,1,0
15287,101.96704009574125,0,8.326198493480346,0.4943282141485252,19,1,0
267665,106.89550291493408,0,11.121645602270693,0.3976642882259504,13,0,0
18512,101.76049770697655,0,8.142495319176994,0.345690639053977,8,1,0
142414,88.40907136442942,1,8.288379721075101,0.5341197588925714,18,1,0
118872,108.32995681460253,1,3.870833947772915,0.4280780591564434,2,1,0
257754,73.93118775460911,1,4.774738877523722,0.382448889500069,18,1,0
103070,90.08778505088064,0,6.934619365997594,0.22356880614490598,18,0,0
89767,113.45603424074699,2,5.3851155498515055,0.6918714719008995,11,0,0
107829,71.2463025281952,2,5.004089425953657,0.47239534491004675,1,0,0
52078,79.83786514504256,0,5.2350819035355025,0.2829522685951959,14,1,0
93524,100.07620936615938,2,4.152858715637745,0.4457527717334233,16,1,0
237645,95.90867959854228,2,5.417231027835896,0.6098264111931235,11,0,0
22219,76.87461888515632,2,7.678871109621798,0.5057681743206623,1,0,0
272379,83.75708995904789,0,10.59264785296937,0.538198749554122,7,1,0
137309,72.28826906024491,3,8.593964365427238,0.5085096515980618,16,0,0
149639,104.70727499280858,2,8.272310970078872,0.24462884471178376,14,0,0
206513,86.16177963494202,0,3.7529332312031882,0.6897017086527062,15,1,0
258320,116.88233866140948,0,7.238593410044034,0.15835076792361347,14,1,1
146487,91.21650366060032,0,6.866080193405721,0.5923073149222884,11,0,0
177231,86.70389544895684,1,7.581482193902358,0.623114184299089,16,1,0
53925,85.24767358062303,1,6.278625061045082,0.4560312592441635,19,0,0
147023,86.33700247211357,0,10.324153482029336,0.5706845047611113,17,1,0
97388,91.66231642700704,2,7.1055510325956455,0.4445729061519559,6,1,0
18007,127.68611364867479,0,7.300446709873745,0.5730990406182229,11,0,0
267802,84.9171049485096,1,3.075119550306299,0.698584508703781,17,1,0
68596,85.40469808843037,0,6.786648636111358,0.3415747147229327,9,0,0
265266,90.98390768524767,1,9.298518700061269,0.6347929717904606,18,1,0
25524,106.3541175951639,1,8.111151216282071,0.8384796004776223,17,0,0
165002,68.68523158390832,0,3.0,0.5529130525068722,12,1,0
135501,96.82639105364468,0,6.1006498537075515,0.3993791551157176,5,1,0
292755,77.73862235968257,0,10.463798934726007,0.9526465678171072,11,0,0
158056,98.29909033426424,0,6.698718559436951,0.5177412478089515,4,1,0
24060,82.59360086459316,0,7.644831965422255,0.5463059807605755,4,0,0
224057,60.0,1,10.238018574574603,0.5504748419067214,3,1,0
200279,95.54366404031228,2,6.6907717169061875,0.5895726655198562,17,1,0
216118,95.41717155520303,0,8.582059719915806,0.43222501091020293,7,0,0
170359,81.31379537280856,1,7.8227917543167225,0.5379981721408342,4,1,0
49711,80.42484209785496,0,8.250297727020785,0.6904367486873539,13,1,0
153026,70.32940912368521,2,7.75843131366694,0.42531979575304885,12,0,0
228134,101.59649912308308,0,5.904740242970427,0.4160012045746609,1,1,0
112974,103.23323673700212,1,6.1044048971546605,0.4415831049062697,19,0,0
159646,76.81423672236166,1,5.29084763926335,0.28044543640316344,18,0,0
160168,81.90098310691724,3,3.720581762259422,0.3634321076296864,11,0,0
77728,89.05066318291554,1,9.489059821353287,0.3552840152719809,3,1,0
175088,124.0629792155332,0,7.02016593376242,0.4998954952663944,17,1,0
21246,98.17682621383398,0,9.388320365048916,0.6672291311411535,12,0,0
102263,75.8487672748743,2,10.130745349169299,0.7907428193758944,10,1,0
21302,94.55670464235759,0,7.1068349618190885,0.5114377234383729,8,0,0
51157,69.34962689042877,1,4.3730217366187505,0.5912939502857416,15,1,0
64917,100.76985464874257,1,6.607623708295068,0.548678761181539,5,0,0
233810,115.13321090316728,1,5.657712786473757,0.1,4,0,1
106646,115.19687527625936,1,3.039699081890025,0.27042181762794515,19,1,0
296663,101.02340255211507,0,5.996542190142243,0.6522528582329479,4,0,0
277552,81.24881466197806,0,6.856925575870974,0.6716970343839158,15,0,0
69379,70.48647365228811,0,5.713351208470691,0.6671216050239941,17,1,0
35053,68.99692434946337,2,5.456909826097026,0.46443760310732224,12,0,0
141994,60.0,2,4.44492835573409,0.10103310787980502,3,0,0
108723,100.40783644511882,1,7.3918442967085545,0.29429500286416554,10,1,0
61356,88.45746719663401,3,10.738538566432482,0.3248984308705676,15,0,0
282933,103.6382424967969,1,9.557247776102296,0.6257537158181423,10,0,0
42154,111.42047227852183,0,8.30725377597393,0.4285257807166808,18,0,0
223942,91.49858315853615,0,8.350818237862082,0.8380801016260837,1,0,0
274480,92.18942414569726,0,6.73471371148175,0.7935276675721517,3,0,0
291173,83.035194832538,0,3.3909736414259193,0.8347396892441726,12,0,0
42265,84.80873374241388,2,6.2611366210786015,0.3166974012713556,1,0,0
253322,100.92704868709401,0,5.0614446253356995,0.5981782424283143,3,0,0
184944,87.38437454452034,0,7.309393498690647,0.4044951822124261,3,1,0
56197,85.21488499870765,0,9.46642940787751,0.5655743636466581,5,0,0
164782,89.72524710835724,0,10.94681918049692,0.33887725145120795,19,0,0
170558,103.29495294092385,1,7.129242062361064,0.7452312735102911,1,1,0
81907,79.61007663254846,1,3.6656873256452887,0.3426136899592228,4,0,0
212967,89.00207223671951,4,7.125352100323957,0.11055219506578046,4,0,1
242604,93.67916756667644,0,7.179712325826764,0.9067561631486323,17,0,0
292247,107.40332855377859,1,8.357687741052397,0.588499335913586,14,0,0
74772,86.41054834800872,1,6.961608899198339,0.2861746471163744,18,0,0
136108,79.23264920922416,0,7.1330365479213595,0.4675457769861726,1,0,0
24382,82.73458583591467,1,5.735878484225882,0.3846285810566231,16,1,0
94291,105.7958614952307,1,6.376196033782242,0.501148289360888,3,1,0
144828,120.49957947905196,1,8.026464853630365,0.6605561671829642,9,1,0
292753,70.29363279470951,0,3.0,0.6291558185807261,4,1,0
157550,73.57047577395214,1,6.365422868672351,0.5507458041017028,5,1,0
242050,87.46804819946782,0,8.37579993599182,0.5010506226619018,11,0,0
140330,91.66434144102065,0,10.281457882011068,0.7157341515056022,9,0,0
81315,101.80454348332493,0,6.203327111739526,0.11490835633262125,3,0,0
24153,76.6330048709777,0,9.370739561647575,0.3502134613479124,6,0,0
86325,74.05336445025804,0,10.380047690835887,0.3042674333487665,11,0,0
250773,92.07130729700445,0,6.229235197874644,0.7012515546005783,9,1,0
65318,86.12398919689247,0,5.883582934336361,0.3521814768643058,15,1,0
86077,103.90081496657287,1,6.635851059816147,0.2428089215419103,3,0,0
143515,97.31039704785576,0,6.836096429873809,0.6098655092233866,1,0,0
216988,98.33069021449828,0,9.181645335711039,0.31825048381805493,19,0,0
135885,88.432779804347,3,5.452549640980808,0.4298547034983285,14,1,0
27368,125.3337038785231,1,10.076130872210939,0.9762287801763396,17,1,0
156400,77.4337802760936,1,5.398484894547564,0.6574277108006947,14,0,0
198014,99.16214750632163,0,4.471150160764873,0.45779187851706504,17,1,0
101751,70.95465019390339,0,8.047554423117358,0.47577437481116336,14,0,0
240203,73.89798483390821,2,9.461120857738413,0.6814975172442944,12,1,0
299450,80.88981601851818,0,7.357310962025826,0.6325740860209261,16,1,0
180987,114.43985004927039,1,7.870168795932547,0.5151198978901874,1,0,0
221951,93.95841645681028,0,10.908594476050624,0.5207119884478849,13,1,0
205716,81.14282897183438,2,9.489305563070602,0.20403030391240562,6,1,0
70279,95.6165448893186,1,7.061850835564998,0.16199788998621267,17,0,0
10126,90.52721822136763,1,6.137706233636124,0.4646355448452991,12,1,0
37632,82.6203994629132,0,9.190117732962772,0.37334296293077107,19,0,0
206382,69.0505671631766,0,8.658567826851774,0.6172158068680728,6,1,0
119945,111.57813726768435,0,7.837153365320166,0.5394359487611252,7,0,0
260869,93.14727193065063,0,6.3459726280130235,0.34544512130112404,1,0,0
227138,122.60607560202358,3,6.8472207274663335,0.5326396918992715,1,1,1
185399,104.1048243081132,1,6.7049608707638875,0.41635344288901543,5,1,0
144869,98.26979587141564,0,6.37926243283741,0.9133202756028058,6,0,0
188954,83.4719350707455,1,5.7977037268080345,0.5772484597925914,16,1,0
154790,73.56981654214624,0,7.530397271896604,0.18787860259341427,16,1,0
44560,86.73403523267329,0,5.707369408461313,0.8641030200439164,14,1,0
294260,73.13561108691253,1,7.354758341828935,0.37337019920854997,1,0,0
142717,99.75285571096131,1,3.0,0.30505260184396615,13,0,0
188595,114.48978746545696,0,5.8002516627983685,0.9287373305087041,10,0,0
134085,86.08631600824305,0,9.196658401388095,0.5691673315591127,10,1,0
291400,104.16736458586796,0,5.199141549071021,0.6401532014410971,9,1,0
110158,79.66156394674715,2,8.184203922086287,0.6466120231744301,13,0,0
194245,85.46299742688973,2,5.365432499933846,0.4588020567524393,3,0,0
178502,77.77554023151836,1,8.55157131358644,0.38551894596273595,18,1,0
152766,60.0,1,6.405782105602918,0.41814850901245193,2,1,0
67545,89.45199975122084,1,6.326706791269428,0.8217732558488067,17,1,0
23224,91.92677606396629,1,7.108702957094033,0.5407575106413617,19,1,0
50738,105.98791498142457,0,4.313146065756609,0.7625830079432273,13,0,0
190760,101.93157379003932,0,8.944181637512921,0.48471097455430034,13,1,0
249690,102.13429348558493,1,9.606866883031474,0.3489232845312511,1,1,0
149649,75.38945665323185,0,6.279937006010085,0.21155670522638914,2,0,0
18070,96.89245959106039,1,8.048408341803093,0.629600637030808,1,0,0
136161,113.73890948222387,0,8.557821360424114,0.8388196156823948,5,1,0
18666,95.69801776063622,3,6.817484895336743,0.3228053983506999,3,0,0
147855,117.42890419597497,1,4.783505694564269,0.602674513727604,7,1,0
51914,120.28449166679795,0,10.18816426390369,0.22487685686384984,13,1,0
211579,85.97297594562532,0,6.214956590142402,0.38886066458762175,18,0,0
137738,79.54590382379142,1,5.78173046157238,0.5535873570749095,7,0,0
256965,78.57806751871576,0,10.277583862667852,0.15434118286591958,1,1,0
292100,67.2579626984517,3,8.220117535112408,0.4963953494541235,5,0,1
228967,82.22395650876717,0,7.514860152116027,0.33265990531657086,17,1,0
104270,108.1149817463437,1,5.058478673194899,0.6209518451476548,8,1,0
276901,60.0,0,8.605608116426442,0.46691987156929404,15,1,0
29097,74.43819898929381,2,12.793037211039492,0.6878878038935167,4,0,0
151467,88.09302837522003,2,8.761015327757079,0.444080342651037,2,1,0
157313,76.84222199067449,1,7.992176992585129,0.22752409603409812,5,1,0
168768,82.0907108363967,0,8.442185592972193,0.20260798379274692,1,1,0
256726,82.31505488366545,1,6.343769333662915,0.11819809928840613,5,0,0
56163,86.13689669907377,1,6.324698540813703,0.6265915665219979,6,1,0
29816,79.05817955835391,1,6.299109031527567,1.011546183853799,2,1,0
243619,77.83180179216677,0,5.850100089226246,0.5870476274370263,1,1,0
165989,104.01464618881847,0,6.2951102684479645,0.8344093764008682,4,0,0
106731,105.74481266790518,3,6.285785615502163,0.726714658157804,7,1,0
162638,69.29184982128886,3,6.510630982331738,0.39633279802518284,1,1,0
216524,60.0,2,6.4546439368398,0.7530631961981251,1,0,0
72823,105.95062274356397,2,7.486023714019401,0.404285061697497,8,0,0
161878,71.56799372171794,0,7.157586036415692,0.4082584260923282,16,1,0
216592,93.1911725768961,0,7.334724907023406,0.458281534812738,13,1,0
11759,66.51492190457674,2,10.044595126688964,0.467760395534574,18,1,0
267164,109.46632477889509,2,7.153468477433023,0.6322738926372296,10,0,0
143554,128.15501842952293,5,11.421781985601562,0.3658226528218389,12,0,1
296586,92.74210363808005,0,7.7053790796452235,0.6778205557165954,1,1,0
103501,88.58846027310724,2,6.105480818234325,0.6749488166062941,10,0,0
274223,85.16790637214905,0,9.699166478093998,0.5685927064888969,9,1,0
69676,101.72698966969368,1,6.840945464583603,0.887922381721489,3,1,0
227516,98.51530126401879,1,3.0,0.7574785297316617,19,0,0
183532,105.05247680329296,0,6.991993716329632,0.7139458580400929,9,1,0
100397,80.58125216102876,1,6.501648324112084,0.5132306749086503,10,0,0
82847,95.10176559606967,3,10.21309477257667,0.5703532275628651,19,0,0
103607,81.86297899940706,0,5.204866629999266,0.6047614726175508,16,1,0
230178,74.13426527894919,2,6.334690363843455,0.5026482747055211,18,0,0
159521,89.38476868494804,1,9.535278752120917,0.42488610793830583,14,1,0
74077,76.16230904434377,2,7.78881706544836,0.1,3,0,0
189374,107.60590496613882,0,6.657086350053732,0.6435530818249646,2,1,0
267009,77.07119432976265,1,5.4870286670539326,0.7082894433766709,1,1,0
147717,95.4531891103104,0,7.703491453750061,0.26777622876863283,18,1,0
48000,80.94866551860416,1,6.941397713563463,0.6210337299440983,9,0,0
36737,94.15594125656268,0,5.464341469585605,0.3816946643364952,13,1,0
283629,82.14005139816965,4,5.56830691734427,0.42669416351858536,2,0,1
196240,71.14183087713694,1,5.371055771109836,0.7621521054726708,7,0,0
62487,97.25659111427768,2,5.014888772472241,0.30187312195719723,16,0,0
284486,86.46876567130167,1,8.868067519944672,0.301570442261356,19,0,0
88623,94.28977411083689,0,8.598786717240877,0.8609668731287996,15,0,0
193675,83.56735596554344,0,8.871348912771586,0.4708886602927233,11,1,0
223046,70.08095229347322,2,7.008999097537049,0.7493091186462135,1,0,0
115947,106.24767895584384,0,6.514742424399687,0.1802594276342131,7,1,0
